nsr,ecosite,species,age_basis,n,si,sd
DM,d,Aw,breast,15,19.3,2.22
DM,d,Sw,breast,4,20.4,2.78
CM,a,Pj,breast,10,15.9,2.34
CM,b,Aw,breast,10,19.0,2.68
CM,b,Pj,breast,12,17.9,2.57
CM,c,Pj,breast,28,17.8,2.81
CM,c,Pl,breast,3,24.6,2.46
CM,d,Aw,breast,194,21.1,2.79
CM,d,Sw,breast,51,19.0,3.14
CM,d,Pj,breast,3,19.3,2.54
CM,e,Aw,breast,18,21.7,3.57
CM,e,Sw,breast,8,17.8,4.20
CM,f,Sw,breast,5,20.1,2.94
LBH,c,Pj,breast,11,17.3,2.15
LBH,c,Pl,breast,12,16.7,2.77
LBH,d,Aw,breast,32,20.1,3.28
LBH,d,Sw,breast,3,19.8,1.05
LBH,g,Pj,breast,3,13.8,2.20
LF,b,Pl,breast,12,16.5,1.82
LF,c,Aw,breast,5,17.1,3.40
LF,c,Sw,breast,3,17.8,1.55
LF,c,Pl,breast,14,19.2,2.38
LF,d,Aw,breast,9,18.3,1.28
LF,d,Sw,breast,4,17.6,0.79
LF,d,Pl,breast,55,17.0,3.22
LF,e,Aw,breast,84,20.2,2.38
LF,e,Sw,breast,37,18.9,2.80
LF,e,Pl,breast,72,19.4,2.70
LF,f,Aw,breast,23,20.2,2.86
LF,f,Sw,breast,16,19.9,2.20
LF,f,Pl,breast,14,19.5,2.55
LF,g,Aw,breast,4,18.2,3.44
LF,g,Pl,breast,3,18.5,2.01
LF,h,Pl,breast,18,14.3,5.16
LF,i,Sw,breast,4,20.1,1.58
UF,a,Pl,breast,5,12.4,1.18
UF,b,Pl,breast,15,14.3,2.20
UF,c,Aw,breast,5,17.9,2.94
UF,c,Sw,breast,5,16.2,1.96
UF,c,Pl,breast,35,16.0,2.85
UF,d,Aw,breast,11,15.7,2.36
UF,d,Sw,breast,5,17.8,1.99
UF,d,Pl,breast,35,16.4,2.24
UF,e,Aw,breast,13,17.7,3.24
UF,e,Sw,breast,12,17.3,2.25
UF,e,Pl,breast,53,17.4,2.71
UF,f,Aw,breast,3,17.8,3.91
UF,f,Sw,breast,9,18.0,2.59
UF,f,Pl,breast,25,16.6,3.16
UF,g,Sw,breast,4,17.8,2.66
UF,g,Pl,breast,3,15.7,2.20
UF,h,Sw,breast,3,14.5,3.32
UF,h,Pl,breast,15,14.8,3.93
UF,j,Sw,breast,4,16.5,2.03
SA,b,Pl,breast,3,12.4,2.16
SA,c,Pl,breast,4,15.4,1.01
SA,d,Pl,breast,10,15.5,0.80
SA,f,Pl,breast,10,13.7,1.95
SA,g,Pl,breast,4,13.9,2.21
DM,d,Aw,total,15,18.8,2.31
DM,d,Sw,total,4,18.6,2.95
CM,a,Pj,total,10,14.4,2.41
CM,b,Aw,total,10,18.4,2.79
CM,b,Pj,total,12,16.5,2.64
CM,c,Pj,total,28,16.4,2.88
CM,c,Pl,total,3,23.4,2.52
CM,d,Aw,total,194,20.6,2.89
CM,d,Sw,total,51,17.1,3.32
CM,d,Pj,total,3,18.0,2.60
CM,e,Aw,total,18,21.2,3.70
CM,e,Sw,total,8,15.9,4.37
CM,f,Sw,total,5,18.2,3.13
LBH,c,Pj,total,11,15.9,2.21
LBH,c,Pl,total,12,15.2,2.84
LBH,d,Aw,total,32,19.6,3.40
LBH,d,Sw,total,3,17.9,1.11
LBH,g,Pj,total,3,12.2,2.26
LF,b,Pl,total,12,15.1,1.87
LF,c,Aw,total,5,16.4,3.55
LF,c,Sw,total,3,15.8,1.64
LF,c,Pl,total,14,17.8,2.44
LF,d,Aw,total,9,17.7,1.34
LF,d,Sw,total,4,15.5,0.84
LF,d,Pl,total,55,15.5,3.30
LF,e,Aw,total,84,19.7,2.48
LF,e,Sw,total,37,16.9,2.96
LF,e,Pl,total,72,18.1,2.77
LF,f,Aw,total,23,19.6,2.97
LF,f,Sw,total,16,18.1,2.33
LF,f,Pl,total,14,18.1,2.61
LF,g,Aw,total,4,17.5,3.59
LF,g,Pl,total,3,17.1,2.06
LF,h,Pl,total,18,12.8,5.30
LF,i,Sw,total,4,18.2,1.68
UF,a,Pl,total,5,10.9,1.22
UF,b,Pl,total,15,12.8,2.26
UF,c,Aw,total,5,17.3,3.07
UF,c,Sw,total,5,14.1,2.05
UF,c,Pl,total,35,14.6,2.92
UF,d,Aw,total,11,15.0,2.46
UF,d,Sw,total,5,15.8,2.10
UF,d,Pl,total,35,14.9,2.30
UF,e,Aw,total,13,17.1,3.38
UF,e,Sw,total,12,15.2,2.37
UF,e,Pl,total,53,16.0,2.78
UF,f,Aw,total,3,17.1,4.08
UF,f,Sw,total,9,16.0,2.74
UF,f,Pl,total,25,15.1,3.24
UF,g,Sw,total,4,15.8,2.82
UF,g,Pl,total,3,14.3,2.26
UF,h,Sw,total,3,12.3,3.42
UF,h,Pl,total,15,13.3,4.03
UF,j,Sw,total,4,14.4,2.14
SA,b,Pl,total,3,10.8,2.22
SA,c,Pl,total,4,13.9,1.04
SA,d,Pl,total,10,14.1,0.82
SA,f,Pl,total,10,12.2,2.01
SA,g,Pl,total,4,12.4,2.27
