nsr,smr,snr,species,age_basis,n,si,sd
CM,4,B,Aw,breast,6,21.67,1.73
CM,4,B,Pj,breast,13,18.16,2.19
CM,4,C,Aw,breast,19,21.27,2.46
CM,4,C,Sw,breast,4,23.17,1.67
CM,4,C,Pj,breast,6,18.63,4.34
CM,5,B,Aw,breast,3,20.72,3.83
CM,5,C,Aw,breast,59,21.54,2.47
CM,5,C,Sw,breast,16,19.46,3.59
CM,5,C,Pj,breast,6,16.54,2.33
CM,5,C,Pl,breast,3,23.92,3.66
CM,5,D,Aw,breast,6,22.3,3.70
CM,6,C,Aw,breast,30,22.15,2.97
CM,6,D,Aw,breast,7,21.55,4.10
CM,6,D,Sw,breast,7,19.05,1.92
CM,7,C,Aw,breast,3,22.71,1.52
NM,5,C,Aw,breast,4,20.1,1.46
DM,5,C,Aw,breast,11,19.80,2.29
DM,6,C,Aw,breast,5,17.70,1.69
LBH,5,C,Aw,breast,21,19.76,3.23
LBH,5,C,Pj,breast,7,16.41,2.16
LBH,5,C,Pl,breast,5,15.34,2.22
LBH,6,C,Aw,breast,4,22.78,2.64
LBH,6,C,Pj,breast,4,15.20,3.39
LF,4,B,Aw,breast,9,16.30,3.12
LF,4,B,Pl,breast,20,17.47,2.45
LF,4,C,Aw,breast,18,19.33,2.53
LF,4,C,Sw,breast,6,18.56,1.36
LF,4,C,Pl,breast,10,18.11,1.86
LF,5,B,Aw,breast,6,18.97,3.40
LF,5,B,Pl,breast,25,16.17,2.37
LF,5,C,Aw,breast,73,21.00,2.68
LF,5,C,Sw,breast,36,20.06,1.69
LF,5,C,Pl,breast,65,18.95,1.92
LF,5,D,Aw,breast,22,21.42,1.71
LF,5,D,Sw,breast,14,20.52,2.57
LF,5,D,Pl,breast,9,19.51,2.66
LF,6,B,Pl,breast,7,14.07,4.79
LF,6,C,Aw,breast,16,19.60,3.47
LF,6,C,Sw,breast,8,20.26,1.73
LF,6,C,Pl,breast,29,17.16,3.24
LF,6,D,Aw,breast,11,22.02,3.08
LF,6,D,Sw,breast,8,19.12,2.95
LF,7,C,Pl,breast,4,14.76,3.77
SA,4,B,Pl,breast,6,15.60,0.92
SA,5,C,Pl,breast,5,14.24,1.67
SA,6,C,Pl,breast,6,14.49,2.40
SA,6,D,Pl,breast,3,13.22,2.60
UF,4,B,Pl,breast,4,15.51,1.65
UF,4,C,Aw,breast,3,19.50,1.73
UF,4,C,Pl,breast,12,15.68,2.94
UF,5,B,Pl,breast,16,16.88,1.75
UF,5,C,Aw,breast,12,18.44,1.72
UF,5,C,Sw,breast,8,18.22,1.53
UF,5,C,Pl,breast,84,16.88,1.75
UF,5,D,Pl,breast,6,17.85,2.13
UF,6,C,Sw,breast,3,19.51,0.76
UF,6,C,Pl,breast,10,17.89,1.95
SASK,2,B,Pj,breast,4,14.66,1.44
SASK,3,B,Aw,breast,7,15.36,1.49
SASK,3,B,Pj,breast,18,15.05,2.44
SASK,4,B,Aw,breast,5,17.69,1.27
SASK,4,B,Pj,breast,15,15.29,2.86
SASK,4,C,Aw,breast,14,19.03,2.06
SASK,4,C,Sw,breast,9,16.30,4.13
SASK,4,C,Pj,breast,24,16.97,1.96
SASK,5,B,Aw,breast,4,17.13,2.77
SASK,5,B,Pj,breast,12,14.79,3.79
SASK,5,C,Aw,breast,44,18.66,3.13
SASK,5,C,Sw,breast,36,16.99,3.35
SASK,5,C,Pj,breast,28,16.31,1.88
SASK,5,D,Sw,breast,3,16.19,1.06
SASK,6,B,Pj,breast,3,13.48,3.38
SASK,6,C,Aw,breast,10,17.47,2.41
SASK,6,C,Sw,breast,8,14.89,2.18
SASK,6,C,Pj,breast,4,14.02,2.32
SASK,6,D,Pj,breast,3,13.09,1.79
SASK,7,C,Sw,breast,3,15.12,2.39
CM,4,B,Aw,total,6,21.18,1.79
CM,4,B,Pj,total,13,16.75,2.25
CM,4,C,Aw,total,19,20.76,2.55
CM,4,C,Sw,total,4,21.51,1.78
CM,4,C,Pj,total,6,17.23,4.46
CM,5,B,Aw,total,3,20.19,3.98
CM,5,C,Aw,total,59,21.04,2.56
CM,5,C,Sw,total,16,17.57,3.79
CM,5,C,Pj,total,6,15.09,2.39
CM,5,C,Pl,total,3,22.65,3.75
CM,5,D,Aw,total,6,21.86,3.85
CM,6,C,Aw,total,30,21.67,3.08
CM,6,D,Aw,total,7,21.04,4.24
CM,6,D,Sw,total,7,17.12,2.04
CM,7,C,Aw,total,3,22.26,1.57
NM,5,C,Aw,total,4,19.51,1.52
DM,5,C,Aw,total,11,19.24,2.38
DM,6,C,Aw,total,5,17.05,1.77
LBH,5,C,Aw,total,21,19.19,3.36
LBH,5,C,Pj,total,7,14.96,2.21
LBH,5,C,Pl,total,5,13.85,2.28
LBH,6,C,Aw,total,4,22.33,2.73
LBH,6,C,Pj,total,4,13.71,3.49
LF,4,B,Aw,total,9,15.59,3.26
LF,4,B,Pl,total,20,16.04,2.51
LF,4,C,Aw,total,18,18.74,2.63
LF,4,C,Sw,total,6,16.60,1.44
LF,4,C,Pl,total,10,16.70,1.91
LF,5,B,Aw,total,6,18.37,3.54
LF,5,B,Pl,total,25,14.71,2.43
LF,5,C,Aw,total,73,20.49,2.79
LF,5,C,Sw,total,36,18.19,1.79
LF,5,C,Pl,total,65,17.56,1.96
LF,5,D,Aw,total,22,20.92,1.78
LF,5,D,Sw,total,14,18.68,2.73
LF,5,D,Pl,total,9,18.13,2.72
LF,6,B,Pl,total,7,12.55,4.92
LF,6,C,Aw,total,16,19.03,3.60
LF,6,C,Sw,total,8,18.41,1.84
LF,6,C,Pl,total,29,15.72,3.32
LF,6,D,Aw,total,11,21.54,3.20
LF,6,D,Sw,total,8,17.20,3.13
LF,7,C,Pl,total,4,13.26,3.88
SA,4,B,Pl,total,6,14.12,0.95
SA,5,C,Pl,total,5,12.72,1.72
SA,6,C,Pl,total,6,12.99,2.47
SA,6,D,Pl,total,3,11.68,2.67
UF,4,B,Pl,total,4,14.03,1.69
UF,4,C,Aw,total,3,18.93,1.80
UF,4,C,Pl,total,12,14.21,3.02
UF,5,B,Pl,total,16,15.44,1.79
UF,5,C,Aw,total,12,17.83,1.80
UF,5,C,Sw,total,8,16.25,1.62
UF,5,C,Pl,total,84,16.43,2.19
UF,5,D,Pl,total,6,16.47,2.00
UF,6,C,Sw,total,3,17.61,0.81
UF,6,C,Pl,total,10,15.23,2.73
SASK,2,B,Pj,total,4,13.16,1.48
SASK,3,B,Aw,total,7,14.61,1.55
SASK,3,B,Pj,total,18,13.56,2.51
SASK,4,B,Aw,total,5,17.04,1.33
SASK,4,B,Pj,total,15,13.80,2.94
SASK,4,C,Aw,total,14,18.43,2.14
SASK,4,C,Sw,total,9,14.26,4.32
SASK,4,C,Pj,total,24,15.53,2.01
SASK,5,B,Aw,total,4,16.45,2.89
SASK,5,B,Pj,total,12,13.29,3.89
SASK,5,C,Aw,total,44,18.05,3.25
SASK,5,C,Sw,total,36,14.96,3.52
SASK,5,C,Pj,total,28,14.85,1.93
SASK,5,D,Sw,total,3,14.09,1.11
SASK,6,B,Pj,total,3,11.94,3.47
SASK,6,C,Aw,total,10,17.47,2.41
SASK,6,C,Sw,total,8,12.75,2.25
SASK,6,C,Pj,total,4,12.50,2.39
SASK,6,D,Pj,total,3,11.54,1.84
SASK,7,C,Sw,total,3,12.98,2.49
